{
    "variable": [
        {
            "id": "baseUrl",
            "key": "baseUrl",
            "type": "string",
            "name": "string",
            "value": "http:\/\/homechallenge.databees.uk"
        }
    ],
    "info": {
        "name": "Laravel",
        "_postman_id": "8b089181-cd9c-40fa-af6b-8694bd06e7df",
        "description": "",
        "schema": "https:\/\/schema.getpostman.com\/json\/collection\/v2.1.0\/collection.json"
    },
    "item": [
        {
            "name": "Endpoints",
            "description": "",
            "item": [
                {
                    "name": "Login User",
                    "request": {
                        "url": {
                            "host": "{{baseUrl}}",
                            "path": "api\/login",
                            "query": [],
                            "raw": "{{baseUrl}}\/api\/login"
                        },
                        "method": "POST",
                        "header": [
                            {
                                "key": "Content-Type",
                                "value": "application\/json"
                            },
                            {
                                "key": "Accept",
                                "value": "application\/json"
                            }
                        ],
                        "body": {
                            "mode": "raw",
                            "raw": "{\"email\":\"mihai@mihai.com\",\"password\":\"password\"}"
                        },
                        "description": "",
                        "auth": {
                            "type": "noauth"
                        }
                    },
                    "response": []
                },
                {
                    "name": "Get all Currencies",
                    "request": {
                        "url": {
                            "host": "{{baseUrl}}",
                            "path": "api\/currency",
                            "query": [],
                            "raw": "{{baseUrl}}\/api\/currency"
                        },
                        "method": "GET",
                        "header": [
                            {
                                "key": "Content-Type",
                                "value": "application\/json"
                            },
                            {
                                "key": "Accept",
                                "value": "application\/json"
                            },
                            {
                                "key": "Authorization:",
                                "value": "Bearer knasa9r4yVgaYgU0lLu1crVamroKhwAxfSDGHzFHvdcwDxzyQU59RjosXRnw"
                            }
                        ],
                        "body": null,
                        "description": "",
                        "auth": {
                            "type": "noauth"
                        }
                    },
                    "response": [
                        {
                            "header": [
                                {
                                    "key": "cache-control",
                                    "value": "no-cache, private"
                                },
                                {
                                    "key": "content-type",
                                    "value": "application\/json"
                                },
                                {
                                    "key": "access-control-allow-origin",
                                    "value": "*"
                                }
                            ],
                            "code": 401,
                            "body": "{\"message\":\"Unauthenticated.\"}",
                            "name": ""
                        }
                    ]
                },
                {
                    "name": "Convert Currencies",
                    "request": {
                        "url": {
                            "host": "{{baseUrl}}",
                            "path": "api\/convert",
                            "query": [],
                            "raw": "{{baseUrl}}\/api\/convert"
                        },
                        "method": "POST",
                        "header": [
                            {
                                "key": "Content-Type",
                                "value": "application\/json"
                            },
                            {
                                "key": "Accept",
                                "value": "application\/json"
                            },
                            {
                                "key": "Authorization:",
                                "value": "Bearer knasa9r4yVgaYgU0lLu1crVamroKhwAxfSDGHzFHvdcwDxzyQU59RjosXRnw"
                            }
                        ],
                        "body": {
                            "mode": "raw",
                            "raw": "{\"from\":\"1\",\"to\":\"3\",\"value\":\"100\"}"
                        },
                        "description": "",
                        "auth": {
                            "type": "noauth"
                        }
                    },
                    "response": []
                },
                {
                    "name": "Verify Refresh Token",
                    "request": {
                        "url": {
                            "host": "{{baseUrl}}",
                            "path": "api\/verify",
                            "query": [],
                            "raw": "{{baseUrl}}\/api\/verify"
                        },
                        "method": "POST",
                        "header": [
                            {
                                "key": "Content-Type",
                                "value": "application\/json"
                            },
                            {
                                "key": "Accept",
                                "value": "application\/json"
                            },
                            {
                                "key": "Authorization:",
                                "value": "Bearer knasa9r4yVgaYgU0lLu1crVamroKhwAxfSDGHzFHvdcwDxzyQU59RjosXRnw"
                            }
                        ],
                        "body": {
                            "mode": "raw",
                            "raw": "{\"refresh_token\":\"knasa9r4yVgaYgU0lLu1crVamroKhwAxfSDGHzFHvdcwDxzyQU59RjosXRnw\"}"
                        },
                        "description": "",
                        "auth": {
                            "type": "noauth"
                        }
                    },
                    "response": []
                },
                {
                    "name": "Refresh Refresh Token",
                    "request": {
                        "url": {
                            "host": "{{baseUrl}}",
                            "path": "api\/refresh",
                            "query": [],
                            "raw": "{{baseUrl}}\/api\/refresh"
                        },
                        "method": "POST",
                        "header": [
                            {
                                "key": "Content-Type",
                                "value": "application\/json"
                            },
                            {
                                "key": "Accept",
                                "value": "application\/json"
                            },
                            {
                                "key": "Authorization:",
                                "value": "Bearer knasa9r4yVgaYgU0lLu1crVamroKhwAxfSDGHzFHvdcwDxzyQU59RjosXRnw"
                            }
                        ],
                        "body": {
                            "mode": "raw",
                            "raw": "{\"refresh_token\":\"knasa9r4yVgaYgU0lLu1crVamroKhwAxfSDGHzFHvdcwDxzyQU59RjosXRnw\"}"
                        },
                        "description": "",
                        "auth": {
                            "type": "noauth"
                        }
                    },
                    "response": []
                }
            ]
        }
    ],
    "auth": {
        "type": "noauth"
    }
}